{
	"info": {
		"_postman_id": "77ffbf84-b80d-46a5-baf4-871ae7a3f0cc",
		"name": "ManagedScanning",
		"schema": "https://schema.getpostman.com/json/collection/v2.1.0/collection.json"
	},
	"item": [
		{
			"name": "Account",
			"item": [
				{
					"name": "Create Scanning Account",
					"request": {
						"method": "PUT",
						"header": [
							{
								"key": "Content-Type",
								"name": "Content-Type",
								"value": "application/json",
								"type": "text"
							},
							{
								"key": "x-ms-account-id",
								"value": "{{accountId}}",
								"type": "text"
							}
						],
						"body": {
							"mode": "raw",
							"raw": "{\n\t\"endpoints\": {\n\t\t\"catalog\" : \"https://{{accountName}}.catalog.babylon.azure-test.com\"\n\t},\n    \"id\": \"{{accountId}}\",\n    \"name\": \"{{accountName}}\",\n    \"resourceId\": \"/subscriptions/{{subscriptionId}}/resourceGroups/{{resourceGroup}}/providers/Microsoft.DataCatalog/datacatalogs/{{accountName}}\",\n    \"resourceGroup\": \"{{resourceGroup}}\",\n    \"subscriptionId\": \"{{subscriptionId}}\",\n    \"location\": \"{{location}}\",\n    \"tenantId\": \"{{accountTenantId}}\",\n    \"identity\": {\n    \t\"type\": \"SystemAssigned\",\n        \"principalId\": \"{{identityPrincipalId}}\",\n        \"identityUrl\": \"{{identityUrl}}\",\n        \"tenantId\": \"{{accountTenantId}}\",\n        \"clientId\": \"{{identityClientId}}\"\n    },\n    \"dataFactoryAccount\": {\n        \"name\": \"{{accountName}}\",\n        \"subscription\": \"{{subscriptionId}}\",\n        \"resourceGroup\": \"{{resourceGroup}}\",\n        \"location\": \"{{location}}\",\n        \"baseManagementUri\": \"{{privateAdfEndpoint}}\",\n        \"factoryId\": \"{{accountId}}\"\n    },\n    \"properties\": {}\n}",
							"options": {
								"raw": {
									"language": "json"
								}
							}
						},
						"url": {
							"raw": "https://{{host}}/controlplane/account/",
							"protocol": "https",
							"host": [
								"{{host}}"
							],
							"path": [
								"controlplane",
								"account",
								""
							]
						}
					},
					"response": []
				},
				{
					"name": "Create Scanning Account Copy",
					"request": {
						"method": "PUT",
						"header": [
							{
								"key": "Content-Type",
								"name": "Content-Type",
								"value": "application/json",
								"type": "text"
							},
							{
								"key": "x-ms-account-id",
								"value": "{{accountId}}",
								"type": "text"
							}
						],
						"body": {
							"mode": "raw",
							"raw": "{\n\t\"endpoints\": {\n\t\t\"catalog\" : \"https://{{accountName}}.catalog.babylon.azure-test.com\"\n\t},\n    \"id\": \"{{accountId}}\",\n    \"name\": \"{{accountName}}\",\n    \"resourceId\": \"/subscriptions/{{subscriptionId}}/resourceGroups/{{resourceGroup}}/providers/Microsoft.DataCatalog/datacatalogs/{{accountName}}\",\n    \"resourceGroup\": \"{{resourceGroup}}\",\n    \"subscriptionId\": \"{{subscriptionId}}\",\n    \"location\": \"westus\",\n    \"tenantId\": \"{{accountTenantId}}\",\n    \"identity\": {\n    \t\"type\": \"SystemAssigned\",\n        \"principalId\": \"c89054fc-78f0-4d95-9d43-4d56d2a80e9b\",\n        \"identityUrl\": \"https://control-westus.identity.azure-int.net/subscriptions/34fb3b81-27ab-4690-9d0b-668896fd288c/resourcegroups/judellam-test/providers/Microsoft.ProjectBabylon/accounts/t0610Bogocity/credentials/v2/systemassigned?arpid=4011e613-0c85-43aa-a9ec-70549dad1c98&said=9150148c-2205-49c4-884e-798c851093fb\",\n        \"tenantId\": \"{{accountTenantId}}\",\n        \"clientId\": \"9150148c-2205-49c4-884e-798c851093fb\"\n    },\n    \"dataFactoryAccount\": {\n        \"name\": \"{{accountName}}\",\n        \"subscription\": \"{{subscriptionId}}\",\n        \"resourceGroup\": \"{{resourceGroup}}\",\n        \"location\": \"West Us\",\n        \"baseManagementUri\": \"{{privateAdfEndpoint}}\",\n        \"factoryId\": \"{{privateAdfFactoryId}}\"\n    },\n    \"properties\": {}\n}",
							"options": {
								"raw": {
									"language": "json"
								}
							}
						},
						"url": {
							"raw": "https://{{host}}/controlplane/account/",
							"protocol": "https",
							"host": [
								"{{host}}"
							],
							"path": [
								"controlplane",
								"account",
								""
							]
						}
					},
					"response": []
				},
				{
					"name": "Get Scanning Account",
					"protocolProfileBehavior": {
						"disableBodyPruning": true
					},
					"request": {
						"method": "GET",
						"header": [
							{
								"key": "Content-Type",
								"name": "Content-Type",
								"type": "text",
								"value": "application/json"
							},
							{
								"key": "x-ms-account-id",
								"value": "{{accountId}}",
								"type": "text"
							}
						],
						"body": {
							"mode": "raw",
							"raw": "{\n\t\"name\" : \"mytestaccount\",\n\t\"id\": \"c42ee6c8-4256-473f-9cdd-271a7c7192fe\",\n\t\"location\": \"eastus\",\n\t\"resourceGroup\": \"adhoc\",\n\t\"resourceId\":\"abc/123\"\n}",
							"options": {
								"raw": {
									"language": "json"
								}
							}
						},
						"url": {
							"raw": "https://{{host}}/controlplane/account/{{accountId}}",
							"protocol": "https",
							"host": [
								"{{host}}"
							],
							"path": [
								"controlplane",
								"account",
								"{{accountId}}"
							]
						}
					},
					"response": []
				},
				{
					"name": "Delete Scanning Account",
					"request": {
						"method": "DELETE",
						"header": [
							{
								"key": "Content-Type",
								"name": "Content-Type",
								"type": "text",
								"value": "application/json"
							},
							{
								"key": "x-ms-account-id",
								"value": "{{accountId}}",
								"type": "text"
							}
						],
						"body": {
							"mode": "raw",
							"raw": "{\n\t\"name\" : \"mytestaccount\",\n\t\"id\": \"1234-123-123-12341234\",\n\t\"location\": \"eastus\",\n\t\"resourceGroup\": \"adhoc\"\n}",
							"options": {
								"raw": {
									"language": "json"
								}
							}
						},
						"url": {
							"raw": "https://{{host}}/controlplane/account/{{accountId}}",
							"protocol": "https",
							"host": [
								"{{host}}"
							],
							"path": [
								"controlplane",
								"account",
								"{{accountId}}"
							]
						}
					},
					"response": []
				}
			],
			"protocolProfileBehavior": {}
		},
		{
			"name": "DataSource",
			"item": [
				{
					"name": "Create",
					"item": [
						{
							"name": "AzureStorage",
							"request": {
								"method": "PUT",
								"header": [
									{
										"key": "Content-Type",
										"name": "Content-Type",
										"value": "application/json",
										"type": "text"
									},
									{
										"key": "x-ms-account-id",
										"value": "{{accountId}}",
										"type": "text"
									}
								],
								"body": {
									"mode": "raw",
									"raw": "{\n\t\"kind\":\"AzureStorage\",\n    \"properties\": {\n    \t\"endpoint\": \"https://dfscanningsvcwusstore.blob.core.windows.net\"\n    }\n}",
									"options": {
										"raw": {
											"language": "json"
										}
									}
								},
								"url": {
									"raw": "https://{{host}}/datasources/{{dataSourceName}}",
									"protocol": "https",
									"host": [
										"{{host}}"
									],
									"path": [
										"datasources",
										"{{dataSourceName}}"
									]
								}
							},
							"response": []
						},
						{
							"name": "AzureDataExplorer",
							"request": {
								"auth": {
									"type": "bearer",
									"bearer": [
										{
											"key": "token",
											"value": "{{authToken}}",
											"type": "string"
										}
									]
								},
								"method": "PUT",
								"header": [
									{
										"key": "Content-Type",
										"name": "Content-Type",
										"type": "text",
										"value": "application/json"
									},
									{
										"key": "x-ms-account-id",
										"type": "text",
										"value": "{{accountId}}"
									}
								],
								"body": {
									"mode": "raw",
									"raw": "{\n\t\"kind\":\"AzureDataExplorer\",\n    \"properties\": {\n    \t\"endpoint\": \"https://datascane2etestcluster.westus.kusto.windows.net\"\n    }\n}",
									"options": {
										"raw": {
											"language": "json"
										}
									}
								},
								"url": {
									"raw": "https://{{host}}/datasources/{{dataSourceName}}",
									"protocol": "https",
									"host": [
										"{{host}}"
									],
									"path": [
										"datasources",
										"{{dataSourceName}}"
									]
								}
							},
							"response": []
						},
						{
							"name": "AdlsGen1",
							"request": {
								"auth": {
									"type": "noauth"
								},
								"method": "PUT",
								"header": [
									{
										"key": "Content-Type",
										"name": "Content-Type",
										"type": "text",
										"value": "application/json"
									},
									{
										"key": "x-ms-account-id",
										"value": "{{accountId}}",
										"type": "text"
									},
									{
										"key": "Authorization",
										"value": "Bearer {{authToken}}",
										"type": "text"
									}
								],
								"body": {
									"mode": "raw",
									"raw": "{\n\t\"kind\":\"AdlsGen1\",\n    \"properties\": {\n    \t\"endpoint\": \"adl://msitestjudellam.azuredatalakestore.net\"\n    }\n}",
									"options": {
										"raw": {
											"language": "json"
										}
									}
								},
								"url": {
									"raw": "https://{{host}}/datasources/{{dataSourceName}}",
									"protocol": "https",
									"host": [
										"{{host}}"
									],
									"path": [
										"datasources",
										"{{dataSourceName}}"
									]
								}
							},
							"response": []
						},
						{
							"name": "AdlsGen2",
							"request": {
								"method": "PUT",
								"header": [
									{
										"key": "Content-Type",
										"name": "Content-Type",
										"type": "text",
										"value": "application/json"
									},
									{
										"key": "x-ms-account-id",
										"value": "{{accountId}}",
										"type": "text"
									}
								],
								"body": {
									"mode": "raw",
									"raw": "{\n\t\"kind\":\"AdlsGen1\",\n    \"properties\": {\n    \t\"endpoint\": \"https://msigen2.dfs.core.windows.net\"\n    }\n}",
									"options": {
										"raw": {
											"language": "json"
										}
									}
								},
								"url": {
									"raw": "https://{{host}}/datasources/{{datasourceName}}",
									"protocol": "https",
									"host": [
										"{{host}}"
									],
									"path": [
										"datasources",
										"{{datasourceName}}"
									]
								}
							},
							"response": []
						},
						{
							"name": "PowerBi",
							"request": {
								"method": "PUT",
								"header": [
									{
										"key": "Content-Type",
										"name": "Content-Type",
										"type": "text",
										"value": "application/json"
									},
									{
										"key": "x-ms-account-id",
										"value": "{{accountId}}",
										"type": "text"
									}
								],
								"body": {
									"mode": "raw",
									"raw": "{\n\t\"kind\":\"PowerBi\",\n    \"properties\": {\n    \t\"endpoint\": \"https://msigen2.dfs.core.windows.net\"\n    }\n}",
									"options": {
										"raw": {
											"language": "json"
										}
									}
								},
								"url": {
									"raw": "https://{{host}}/datasources/{{datasourceName}}",
									"protocol": "https",
									"host": [
										"{{host}}"
									],
									"path": [
										"datasources",
										"{{datasourceName}}"
									]
								}
							},
							"response": []
						},
						{
							"name": "AzureSqlDatabaseManagedInstance",
							"request": {
								"method": "PUT",
								"header": [
									{
										"key": "Content-Type",
										"name": "Content-Type",
										"type": "text",
										"value": "application/json"
									},
									{
										"key": "x-ms-account-id",
										"value": "{{accountId}}",
										"type": "text"
									}
								],
								"body": {
									"mode": "raw",
									"raw": "{\n\t\"kind\":\"AzureSqlDatabaseManagedInstance\",\n    \"properties\": {\n    \t\"serverEndpoint\": \"datascane2etestsqlmi.public.07af0335aa93.database.windows.net,3342\"\n    }\n}",
									"options": {
										"raw": {
											"language": "json"
										}
									}
								},
								"url": {
									"raw": "https://{{host}}/datasources/{{dataSourceName}}",
									"protocol": "https",
									"host": [
										"{{host}}"
									],
									"path": [
										"datasources",
										"{{dataSourceName}}"
									]
								}
							},
							"response": []
						},
						{
							"name": "AzureSqlDatabase",
							"request": {
								"method": "PUT",
								"header": [
									{
										"key": "Content-Type",
										"name": "Content-Type",
										"type": "text",
										"value": "application/json"
									},
									{
										"key": "x-ms-account-id",
										"value": "{{accountId}}",
										"type": "text"
									}
								],
								"body": {
									"mode": "raw",
									"raw": "{\n\t\"kind\":\"AzureSqlDatabase\",\n    \"properties\": {\n    \t\"serverEndpoint\": \"dancingHippo.database.windows.net\"\n    }\n}",
									"options": {
										"raw": {
											"language": "json"
										}
									}
								},
								"url": {
									"raw": "https://{{host}}/datasources/{{dataSourceName}}",
									"protocol": "https",
									"host": [
										"{{host}}"
									],
									"path": [
										"datasources",
										"{{dataSourceName}}"
									]
								}
							},
							"response": []
						},
						{
							"name": "SqlServerDatabase",
							"request": {
								"method": "PUT",
								"header": [
									{
										"key": "Content-Type",
										"name": "Content-Type",
										"type": "text",
										"value": "application/json"
									},
									{
										"key": "x-ms-account-id",
										"type": "text",
										"value": "{{accountId}}"
									}
								],
								"body": {
									"mode": "raw",
									"raw": "{\n\t\"kind\":\"SqlServerDatabase\",\n    \"properties\": {\n    \t\"serverEndpoint\": \"judellam-vm1,1433\"\n    }\n}",
									"options": {
										"raw": {
											"language": "json"
										}
									}
								},
								"url": {
									"raw": "https://{{host}}/datasources/{{dataSourceName}}",
									"protocol": "https",
									"host": [
										"{{host}}"
									],
									"path": [
										"datasources",
										"{{dataSourceName}}"
									]
								}
							},
							"response": []
						},
						{
							"name": "Teradata",
							"request": {
								"method": "PUT",
								"header": [
									{
										"key": "Content-Type",
										"name": "Content-Type",
										"type": "text",
										"value": "application/json"
									},
									{
										"key": "x-ms-account-id",
										"type": "text",
										"value": "{{accountId}}"
									}
								],
								"body": {
									"mode": "raw",
									"raw": "{\n\t\"kind\":\"Teradata\",\n    \"properties\": {\n    \t\"host\": \"153.64.73.15\"\n    }\n}",
									"options": {
										"raw": {
											"language": "json"
										}
									}
								},
								"url": {
									"raw": "https://{{host}}/datasources/{{dataSourceName}}",
									"protocol": "https",
									"host": [
										"{{host}}"
									],
									"path": [
										"datasources",
										"{{dataSourceName}}"
									]
								}
							},
							"response": []
						},
						{
							"name": "AzureSearch",
							"request": {
								"method": "PUT",
								"header": [
									{
										"key": "Content-Type",
										"name": "Content-Type",
										"type": "text",
										"value": "application/json"
									},
									{
										"key": "x-ms-account-id",
										"type": "text",
										"value": "{{accountId}}"
									}
								],
								"body": {
									"mode": "raw",
									"raw": "{\n\t\"kind\":\"Teradata\",\n    \"properties\": {\n    \t\"url\": \"https://bb-test-search.search.windows.net\"\n    }\n}",
									"options": {
										"raw": {
											"language": "json"
										}
									}
								},
								"url": {
									"raw": "https://{{host}}/datasources/{{dataSourceName}}",
									"protocol": "https",
									"host": [
										"{{host}}"
									],
									"path": [
										"datasources",
										"{{dataSourceName}}"
									]
								}
							},
							"response": []
						},
						{
							"name": "AzureSqlDataWarehouse",
							"request": {
								"method": "PUT",
								"header": [
									{
										"key": "Content-Type",
										"name": "Content-Type",
										"type": "text",
										"value": "application/json"
									},
									{
										"key": "x-ms-account-id",
										"value": "{{accountId}}",
										"type": "text"
									}
								],
								"body": {
									"mode": "raw",
									"raw": "{\n\t\"kind\":\"AzureSqlDataWarehouse\",\n    \"properties\": {\n    \t\"endpoint\": \"dancinghippo.database.windows.net\"\n    }\n}",
									"options": {
										"raw": {
											"language": "json"
										}
									}
								},
								"url": {
									"raw": "https://{{host}}/datasources/{{datasourceName}}",
									"protocol": "https",
									"host": [
										"{{host}}"
									],
									"path": [
										"datasources",
										"{{datasourceName}}"
									]
								}
							},
							"response": []
						},
						{
							"name": "AmazonS3",
							"request": {
								"method": "PUT",
								"header": [
									{
										"key": "Content-Type",
										"name": "Content-Type",
										"type": "text",
										"value": "application/json"
									},
									{
										"key": "x-ms-account-id",
										"type": "text",
										"value": "{{accountId}}"
									}
								],
								"body": {
									"mode": "raw",
									"raw": "{\n\t\"kind\":\"AmazonS3\",\n    \"properties\": {\n\t\t\"serviceUrl\": \"https://abc.com\"\n    \t\"rolearn\":\"123\",\n    \t\"bucket\":\"bucket\"\n    }\n}",
									"options": {
										"raw": {
											"language": "json"
										}
									}
								},
								"url": {
									"raw": "https://{{host}}/datasources/{{dataSourceName}}",
									"protocol": "https",
									"host": [
										"{{host}}"
									],
									"path": [
										"datasources",
										"{{dataSourceName}}"
									]
								}
							},
							"response": []
						},
						{
							"name": "SapS4Hana",
							"request": {
								"method": "PUT",
								"header": [
									{
										"key": "Content-Type",
										"name": "Content-Type",
										"type": "text",
										"value": "application/json"
									},
									{
										"key": "x-ms-account-id",
										"type": "text",
										"value": "{{accountId}}"
									}
								],
								"body": {
									"mode": "raw",
									"raw": "{\n\t\"kind\":\"SapS4Hana\",\n    \"properties\": {\n    \t\"applicationServer\": \"153.64.73.15\",\n        \"systemNumber\": \"12\"\n    }\n}",
									"options": {
										"raw": {
											"language": "json"
										}
									}
								},
								"url": {
									"raw": "https://{{host}}/datasources/{{dataSourceName}}",
									"protocol": "https",
									"host": [
										"{{host}}"
									],
									"path": [
										"datasources",
										"{{dataSourceName}}"
									]
								}
							},
							"response": []
						}
					],
					"protocolProfileBehavior": {},
					"_postman_isSubFolder": true
				},
				{
					"name": "Get DataSource",
					"request": {
						"auth": {
							"type": "bearer",
							"bearer": [
								{
									"key": "token",
									"value": "{{authToken}}",
									"type": "string"
								}
							]
						},
						"method": "GET",
						"header": [
							{
								"key": "Content-Type",
								"name": "Content-Type",
								"type": "text",
								"value": "application/json"
							},
							{
								"key": "x-ms-account-id",
								"value": "{{accountId}}",
								"type": "text"
							}
						],
						"url": {
							"raw": "https://{{host}}/datasources/{{dataSourceName}}",
							"protocol": "https",
							"host": [
								"{{host}}"
							],
							"path": [
								"datasources",
								"{{dataSourceName}}"
							]
						}
					},
					"response": []
				},
				{
					"name": "Get DataSources on Account",
					"request": {
						"method": "GET",
						"header": [
							{
								"key": "Content-Type",
								"name": "Content-Type",
								"type": "text",
								"value": "application/json"
							},
							{
								"key": "x-ms-account-id",
								"value": "{{accountId}}",
								"type": "text"
							}
						],
						"url": {
							"raw": "https://{{host}}/datasources/",
							"protocol": "https",
							"host": [
								"{{host}}"
							],
							"path": [
								"datasources",
								""
							]
						}
					},
					"response": []
				},
				{
					"name": "Delete DataSource",
					"request": {
						"method": "DELETE",
						"header": [
							{
								"key": "Content-Type",
								"name": "Content-Type",
								"type": "text",
								"value": "application/json"
							},
							{
								"key": "x-ms-account-id",
								"value": "{{accountId}}",
								"type": "text"
							}
						],
						"body": {
							"mode": "raw",
							"raw": "{\n    \"kind\": \"AzureStorage\",\n    \"properties\": {\n    \t\"endpoint\": \"https://datascantestl3noppe.blob.core.windows.net\"\n    }\n}",
							"options": {
								"raw": {
									"language": "json"
								}
							}
						},
						"url": {
							"raw": "https://{{host}}/datasources/{{dataSourceName}}",
							"protocol": "https",
							"host": [
								"{{host}}"
							],
							"path": [
								"datasources",
								"{{dataSourceName}}"
							]
						}
					},
					"response": []
				}
			],
			"protocolProfileBehavior": {}
		},
		{
			"name": "Scan",
			"item": [
				{
					"name": "AzureStorage",
					"item": [
						{
							"name": "AzureStorage MSI",
							"request": {
								"method": "PUT",
								"header": [
									{
										"key": "Content-Type",
										"name": "Content-Type",
										"type": "text",
										"value": "application/json"
									},
									{
										"key": "x-ms-account-id",
										"value": "{{accountId}}",
										"type": "text"
									}
								],
								"body": {
									"mode": "raw",
									"raw": "{\n    \"kind\": \"AzureStorageMSI\",\n    \"properties\": {\n        \"workers\": 10\n    }\n}",
									"options": {
										"raw": {
											"language": "json"
										}
									}
								},
								"url": {
									"raw": "https://{{host}}/datasources/{{dataSourceName}}/scans/{{scanName}}",
									"protocol": "https",
									"host": [
										"{{host}}"
									],
									"path": [
										"datasources",
										"{{dataSourceName}}",
										"scans",
										"{{scanName}}"
									]
								}
							},
							"response": []
						},
						{
							"name": "AzureDataExplorerMsi",
							"request": {
								"auth": {
									"type": "bearer",
									"bearer": [
										{
											"key": "token",
											"value": "{{authToken}}",
											"type": "string"
										}
									]
								},
								"method": "PUT",
								"header": [
									{
										"key": "Content-Type",
										"name": "Content-Type",
										"type": "text",
										"value": "application/json"
									},
									{
										"key": "x-ms-account-id",
										"type": "text",
										"value": "{{accountId}}"
									}
								],
								"body": {
									"mode": "raw",
									"raw": "{\n    \"kind\": \"AzureDataExplorerMsi\",\n    \"properties\": {\n        \"workersCount\":10,\n        \"connectedVia\": {\n            \"referenceName\": \"foo\"\n        }\n    }\n}",
									"options": {
										"raw": {
											"language": "json"
										}
									}
								},
								"url": {
									"raw": "https://{{host}}/datasources/{{dataSourceName}}/scans/{{scanName}}",
									"protocol": "https",
									"host": [
										"{{host}}"
									],
									"path": [
										"datasources",
										"{{dataSourceName}}",
										"scans",
										"{{scanName}}"
									]
								}
							},
							"response": []
						},
						{
							"name": "AzureDataExplorerServicePrincipal",
							"request": {
								"method": "PUT",
								"header": [
									{
										"key": "Content-Type",
										"name": "Content-Type",
										"type": "text",
										"value": "application/json"
									},
									{
										"key": "x-ms-account-id",
										"type": "text",
										"value": "{{accountId}}"
									}
								],
								"body": {
									"mode": "raw",
									"raw": "{\n    \"kind\": \"AzureDataExplorerServicePrincipal\",\n    \"properties\": {\n    \t\"servicePrincipalId\":\"c707ce8e-95f0-4ec3-8adf-6eeeecfd8955\",\n    \t\"servicePrincipalKey\":\"\",\n    \t\"tenantId\": \"72f988bf-86f1-41af-91ab-2d7cd011db47\",\n        \"connectedVia\": null\n    }\n}",
									"options": {
										"raw": {
											"language": "json"
										}
									}
								},
								"url": {
									"raw": "https://{{host}}/datasources/{{dataSourceName}}/scans/{{scanName}}",
									"protocol": "https",
									"host": [
										"{{host}}"
									],
									"path": [
										"datasources",
										"{{dataSourceName}}",
										"scans",
										"{{scanName}}"
									]
								}
							},
							"response": []
						},
						{
							"name": "DataLakeGen1 MSI Copy",
							"request": {
								"method": "PUT",
								"header": [
									{
										"key": "Content-Type",
										"name": "Content-Type",
										"type": "text",
										"value": "application/json"
									},
									{
										"key": "x-ms-account-id",
										"type": "text",
										"value": "{{accountId}}"
									}
								],
								"body": {
									"mode": "raw",
									"raw": "{\n    \"kind\": \"AdlsGen1MSI\",\n    \"properties\": {\n    }\n}",
									"options": {
										"raw": {
											"language": "json"
										}
									}
								},
								"url": {
									"raw": "https://{{host}}/datasources/{{dataSourceName}}/scans/{{scanName}}",
									"protocol": "https",
									"host": [
										"{{host}}"
									],
									"path": [
										"datasources",
										"{{dataSourceName}}",
										"scans",
										"{{scanName}}"
									]
								}
							},
							"response": []
						},
						{
							"name": "AzureStorage SAS Key",
							"request": {
								"method": "PUT",
								"header": [
									{
										"key": "Content-Type",
										"name": "Content-Type",
										"type": "text",
										"value": "application/json"
									},
									{
										"key": "x-ms-account-id",
										"value": "{{accountId}}",
										"type": "text"
									}
								],
								"body": {
									"mode": "raw",
									"raw": "{\n    \"kind\": \"AzureStorageSas\",\n    \"properties\": {\n    \t\"sasUri\": \"https://{{storageAccount}}.blob.core.windows.net/{{sasToken}}\"\n    }\n}",
									"options": {
										"raw": {
											"language": "json"
										}
									}
								},
								"url": {
									"raw": "https://{{host}}/datasources/{{dataSourceName}}/scans/{{scanName}}",
									"protocol": "https",
									"host": [
										"{{host}}"
									],
									"path": [
										"datasources",
										"{{dataSourceName}}",
										"scans",
										"{{scanName}}"
									]
								}
							},
							"response": []
						},
						{
							"name": "AzureStorage AccessKey",
							"request": {
								"method": "PUT",
								"header": [
									{
										"key": "Content-Type",
										"name": "Content-Type",
										"type": "text",
										"value": "application/json"
									},
									{
										"key": "x-ms-account-id",
										"value": "{{accountId}}",
										"type": "text"
									}
								],
								"body": {
									"mode": "raw",
									"raw": "{\n    \"kind\": \"AzureStorageAccessKey\",\n    \"properties\": {\n        \"accessKey\": \"\"\n    }\n}",
									"options": {
										"raw": {
											"language": "json"
										}
									}
								},
								"url": {
									"raw": "https://{{host}}/datasources/{{dataSourceName}}/scans/{{scanName}}",
									"protocol": "https",
									"host": [
										"{{host}}"
									],
									"path": [
										"datasources",
										"{{dataSourceName}}",
										"scans",
										"{{scanName}}"
									]
								}
							},
							"response": []
						},
						{
							"name": "AmazonS3 AccessKey",
							"request": {
								"method": "PUT",
								"header": [
									{
										"key": "Content-Type",
										"name": "Content-Type",
										"type": "text",
										"value": "application/json"
									},
									{
										"key": "x-ms-account-id",
										"type": "text",
										"value": "{{accountId}}"
									}
								],
								"body": {
									"mode": "raw",
									"raw": "{\n    \"kind\": \"AmazonS3AccessKey\",\n    \"properties\": {\n    \t\"accessKey\" : \"12345678910\"\n    }\n}",
									"options": {
										"raw": {
											"language": "json"
										}
									}
								},
								"url": {
									"raw": "https://{{host}}/datasources/{{dataSourceName}}/scans/{{scanName}}",
									"protocol": "https",
									"host": [
										"{{host}}"
									],
									"path": [
										"datasources",
										"{{dataSourceName}}",
										"scans",
										"{{scanName}}"
									]
								}
							},
							"response": []
						},
						{
							"name": "AzureStorage Service Principal",
							"request": {
								"method": "PUT",
								"header": [
									{
										"key": "Content-Type",
										"name": "Content-Type",
										"type": "text",
										"value": "application/json"
									},
									{
										"key": "x-ms-account-id",
										"value": "{{accountId}}",
										"type": "text"
									}
								],
								"body": {
									"mode": "raw",
									"raw": "{\n    \"kind\": \"AzureStorageServicePrincipal\",\n    \"properties\": {\n    \t\"servicePrincipalId\" : \"ServicePrincipalId\",\n    \t\"servicePrincipalKey\" : \"ServicePrincipalId\",\n    \t\"tenant\" : \"Tenant\"\n    }\n}",
									"options": {
										"raw": {
											"language": "json"
										}
									}
								},
								"url": {
									"raw": "https://{{host}}/datasources/{{datasourceName}}/scans/{{scanName}}",
									"protocol": "https",
									"host": [
										"{{host}}"
									],
									"path": [
										"datasources",
										"{{datasourceName}}",
										"scans",
										"{{scanName}}"
									]
								}
							},
							"response": []
						}
					],
					"protocolProfileBehavior": {},
					"_postman_isSubFolder": true
				},
				{
					"name": "PowerBI",
					"item": [
						{
							"name": "PowerBI MSI",
							"request": {
								"method": "PUT",
								"header": [
									{
										"key": "Content-Type",
										"name": "Content-Type",
										"type": "text",
										"value": "application/json"
									},
									{
										"key": "x-ms-account-id",
										"type": "text",
										"value": "{{accountId}}"
									}
								],
								"body": {
									"mode": "raw",
									"raw": "{\n\t\"kind\": \"PowerBIMsi\",\n\t\"properties\": {\n\t\t\"connectedVia\": {\n\t\t\t\"referenceName\": \"royanir\"\n\t\t}\n\t}\n}",
									"options": {
										"raw": {
											"language": "json"
										}
									}
								},
								"url": {
									"raw": "https://{{host}}/datasources/{{dataSourceName}}/scans/{{scanName}}",
									"protocol": "https",
									"host": [
										"{{host}}"
									],
									"path": [
										"datasources",
										"{{dataSourceName}}",
										"scans",
										"{{scanName}}"
									]
								}
							},
							"response": []
						},
						{
							"name": "PowerBI Delegated Auth",
							"request": {
								"method": "PUT",
								"header": [
									{
										"key": "Content-Type",
										"name": "Content-Type",
										"type": "text",
										"value": "application/json"
									},
									{
										"key": "x-ms-account-id",
										"type": "text",
										"value": "{{accountId}}"
									}
								],
								"body": {
									"mode": "raw",
									"raw": "{\n\t\"kind\": \"PowerBIDelegated\",\n\t\"properties\": {\n\t\t\"connectedVia\": {\n\t\t\t\"referenceName\": \"royanir\"\n\t\t},\n\t\t\"clientId\": \"107f38e8-c232-4fa0-a16e-c305c65108f1\",\n\t\t\"userName\": \"functionaltest@FirstToMarket.onmicrosoft.com\",\n\t\t\"password\": \"\",\n\t\t\"workSpaces\": [\"workSpace1\", \"workSpace2\"]\n\t}\n}",
									"options": {
										"raw": {
											"language": "json"
										}
									}
								},
								"url": {
									"raw": "https://{{host}}/datasources/{{dataSourceName}}/scans/{{scanName}}",
									"protocol": "https",
									"host": [
										"{{host}}"
									],
									"path": [
										"datasources",
										"{{dataSourceName}}",
										"scans",
										"{{scanName}}"
									]
								}
							},
							"response": []
						}
					],
					"protocolProfileBehavior": {},
					"_postman_isSubFolder": true
				},
				{
					"name": "SQL",
					"item": [
						{
							"name": "Sql Server Scan",
							"request": {
								"method": "PUT",
								"header": [
									{
										"key": "Content-Type",
										"name": "Content-Type",
										"value": "application/json",
										"type": "text"
									},
									{
										"key": "x-ms-account-id",
										"value": "{{accountId}}",
										"type": "text"
									}
								],
								"body": {
									"mode": "raw",
									"raw": "{\n    \"kind\": \"SqlServerDatabaseConnectionString\",\n    \"properties\": {\n        \"serverEndpoint\": \"judellam-vm1,1433\",\n        \"userName\": \"sa\",\n        \"password\": \"\",\n        \"databaseName\": \"master\",\n        \"connectedVia\": {\n            \"referenceName\": \"{{irName}}\"\n        }\n    }\n}",
									"options": {
										"raw": {
											"language": "json"
										}
									}
								},
								"url": {
									"raw": "https://{{host}}/datasources/{{dataSourceName}}/scans/{{scanName}}",
									"protocol": "https",
									"host": [
										"{{host}}"
									],
									"path": [
										"datasources",
										"{{dataSourceName}}",
										"scans",
										"{{scanName}}"
									]
								}
							},
							"response": []
						},
						{
							"name": "AzureSqlDatabaseManagedInstance",
							"request": {
								"method": "PUT",
								"header": [
									{
										"key": "Content-Type",
										"name": "Content-Type",
										"type": "text",
										"value": "application/json"
									},
									{
										"key": "x-ms-account-id",
										"value": "{{accountId}}",
										"type": "text"
									}
								],
								"body": {
									"mode": "raw",
									"raw": "{\n    \"kind\": \"AzureSqlDatabaseManagedInstanceMsi\",\n    \"properties\": {\n    \t\"serverEndpoint\":\"123.com,4432\"\n    }\n}",
									"options": {
										"raw": {
											"language": "json"
										}
									}
								},
								"url": {
									"raw": "https://{{host}}/datasources/{{dataSourceName}}/scans/{{scanName}}",
									"protocol": "https",
									"host": [
										"{{host}}"
									],
									"path": [
										"datasources",
										"{{dataSourceName}}",
										"scans",
										"{{scanName}}"
									]
								}
							},
							"response": []
						}
					],
					"protocolProfileBehavior": {},
					"_postman_isSubFolder": true
				},
				{
					"name": "Other",
					"item": [
						{
							"name": "SapS4HanaUserPass",
							"request": {
								"method": "PUT",
								"header": [
									{
										"key": "Content-Type",
										"name": "Content-Type",
										"type": "text",
										"value": "application/json"
									},
									{
										"key": "x-ms-account-id",
										"type": "text",
										"value": "{{accountId}}"
									}
								],
								"body": {
									"mode": "raw",
									"raw": "{\n    \"kind\": \"SapS4HanaSapS4HanaUserPass\",\n    \"properties\": {\n        \"clientId\": \"123\",\n    \t\"username\": \"microsoft\",\n    \t\"password\": \"microsoft\",\n        \"jCoLibraryPath\": \"C:\\\\doh\",\n        \"connectedVia\": {\n            \"referenceName\": \"foo\"\n        }\n    }\n}",
									"options": {
										"raw": {
											"language": "json"
										}
									}
								},
								"url": {
									"raw": "https://{{host}}/datasources/{{dataSourceName}}/scans/{{scanName}}",
									"protocol": "https",
									"host": [
										"{{host}}"
									],
									"path": [
										"datasources",
										"{{dataSourceName}}",
										"scans",
										"{{scanName}}"
									]
								}
							},
							"response": []
						}
					],
					"protocolProfileBehavior": {},
					"_postman_isSubFolder": true
				},
				{
					"name": "Create Scan Template",
					"request": {
						"method": "PUT",
						"header": [
							{
								"key": "Content-Type",
								"name": "Content-Type",
								"value": "application/json",
								"type": "text"
							},
							{
								"key": "x-ms-account-id",
								"value": "{{accountId}}",
								"type": "text"
							}
						],
						"body": {
							"mode": "raw",
							"raw": "{\n\t\"bogus\" : \"bogus!\"\n}",
							"options": {
								"raw": {
									"language": "json"
								}
							}
						},
						"url": {
							"raw": "https://{{host}}/datasources/{{dataSourceName}}/scans/{{scanName}}",
							"protocol": "https",
							"host": [
								"{{host}}"
							],
							"path": [
								"datasources",
								"{{dataSourceName}}",
								"scans",
								"{{scanName}}"
							]
						}
					},
					"response": []
				},
				{
					"name": "Run Scan",
					"request": {
						"method": "POST",
						"header": [
							{
								"key": "Content-Type",
								"name": "Content-Type",
								"type": "text",
								"value": "application/json"
							},
							{
								"key": "x-ms-account-id",
								"value": "{{accountId}}",
								"type": "text"
							}
						],
						"body": {
							"mode": "raw",
							"raw": "{\n}",
							"options": {
								"raw": {
									"language": "json"
								}
							}
						},
						"url": {
							"raw": "https://{{host}}/datasources/{{dataSourceName}}/scans/{{scanName}}/run",
							"protocol": "https",
							"host": [
								"{{host}}"
							],
							"path": [
								"datasources",
								"{{dataSourceName}}",
								"scans",
								"{{scanName}}",
								"run"
							]
						}
					},
					"response": []
				},
				{
					"name": "Get Scan",
					"protocolProfileBehavior": {
						"disableBodyPruning": true
					},
					"request": {
						"method": "GET",
						"header": [
							{
								"key": "Content-Type",
								"name": "Content-Type",
								"value": "application/json",
								"type": "text"
							},
							{
								"key": "x-ms-account-id",
								"value": "{{accountId}}",
								"type": "text"
							}
						],
						"body": {
							"mode": "raw",
							"raw": "",
							"options": {
								"raw": {
									"language": "json"
								}
							}
						},
						"url": {
							"raw": "https://{{host}}/datasources/{{dataSourceName}}/scans/{{scanName}}",
							"protocol": "https",
							"host": [
								"{{host}}"
							],
							"path": [
								"datasources",
								"{{dataSourceName}}",
								"scans",
								"{{scanName}}"
							]
						}
					},
					"response": []
				},
				{
					"name": "Delete Scan",
					"request": {
						"method": "DELETE",
						"header": [
							{
								"key": "Content-Type",
								"name": "Content-Type",
								"type": "text",
								"value": "application/json"
							},
							{
								"key": "x-ms-account-id",
								"value": "{{accountId}}",
								"type": "text"
							}
						],
						"body": {
							"mode": "raw",
							"raw": "",
							"options": {
								"raw": {
									"language": "json"
								}
							}
						},
						"url": {
							"raw": "https://{{host}}/datasources/{{dataSourceName}}/scans/{{scanName}}",
							"protocol": "https",
							"host": [
								"{{host}}"
							],
							"path": [
								"datasources",
								"{{dataSourceName}}",
								"scans",
								"{{scanName}}"
							]
						}
					},
					"response": []
				},
				{
					"name": "List History",
					"request": {
						"method": "POST",
						"header": [
							{
								"key": "Content-Type",
								"name": "Content-Type",
								"value": "application/json",
								"type": "text"
							},
							{
								"key": "x-ms-account-id",
								"value": "{{accountId}}",
								"type": "text"
							}
						],
						"body": {
							"mode": "raw",
							"raw": "",
							"options": {
								"raw": {
									"language": "json"
								}
							}
						},
						"url": {
							"raw": "https://{{host}}/datasources/{{dataSourceName}}/scans/{{scanName}}/listHistory",
							"protocol": "https",
							"host": [
								"{{host}}"
							],
							"path": [
								"datasources",
								"{{dataSourceName}}",
								"scans",
								"{{scanName}}",
								"listHistory"
							]
						}
					},
					"response": []
				},
				{
					"name": "Test Scan",
					"request": {
						"method": "POST",
						"header": [
							{
								"key": "Content",
								"value": "application/json",
								"type": "text"
							},
							{
								"key": "x-ms-account-id",
								"value": "{{accountId}}",
								"type": "text"
							}
						],
						"body": {
							"mode": "raw",
							"raw": "{\n\t\"scan\": {\n\t\t\"kind\": \"AzureStorageAccessKey\",\n\t\t\"properties\": {\n\t\t\t\"accessKey\": \"\",\n\t\t\t\"workers\": \"1\"\n\t\t}\n\t}\n}",
							"options": {
								"raw": {
									"language": "json"
								}
							}
						},
						"url": {
							"raw": "https://{{host}}/datasources/{{dataSourceName}}/scans/{{scanName}}/testConnectivity",
							"protocol": "https",
							"host": [
								"{{host}}"
							],
							"path": [
								"datasources",
								"{{dataSourceName}}",
								"scans",
								"{{scanName}}",
								"testConnectivity"
							]
						}
					},
					"response": []
				},
				{
					"name": "Enumerate Items",
					"request": {
						"method": "POST",
						"header": [
							{
								"key": "Content",
								"value": "application/json",
								"type": "text"
							},
							{
								"key": "x-ms-account-id",
								"value": "{{accountId}}",
								"type": "text"
							}
						],
						"body": {
							"mode": "raw",
							"raw": "{\n\t\"dataset\": {\n\t  \"type\": \"AzureBlob\",\n\t  \"typeProperties\": {\n\t    \"folderPath\": \"superdupernestedfolders\"\n\t  }\n\t}\n}",
							"options": {
								"raw": {
									"language": "json"
								}
							}
						},
						"url": {
							"raw": "https://{{host}}/datasources/{{dataSourceName}}/scans/{{scanName}}/enumerateItems",
							"protocol": "https",
							"host": [
								"{{host}}"
							],
							"path": [
								"datasources",
								"{{dataSourceName}}",
								"scans",
								"{{scanName}}",
								"enumerateItems"
							]
						}
					},
					"response": []
				}
			],
			"protocolProfileBehavior": {}
		},
		{
			"name": "Ruleset",
			"item": [
				{
					"name": "Create",
					"item": [
						{
							"name": "Azure Storage",
							"request": {
								"method": "PUT",
								"header": [
									{
										"key": "Content-Type",
										"name": "Content-Type",
										"value": "application/json",
										"type": "text"
									},
									{
										"key": "x-ms-account-id",
										"value": "{{accountId}}",
										"type": "text"
									}
								],
								"body": {
									"mode": "raw",
									"raw": "{\n    \"kind\": \"AzureStorage\",\n    \"properties\": {\n        \"scanningRule\": {\n            \"fileextensions\": [\n                \"CSV\",\n                \"JSON\"\n            ]\n        },\n        \"classificationRules\":[]\n    }\n}",
									"options": {
										"raw": {
											"language": "json"
										}
									}
								},
								"url": {
									"raw": "https://{{host}}/scanrulesets/{{scanRulesetName}}",
									"protocol": "https",
									"host": [
										"{{host}}"
									],
									"path": [
										"scanrulesets",
										"{{scanRulesetName}}"
									]
								}
							},
							"response": []
						}
					],
					"protocolProfileBehavior": {},
					"_postman_isSubFolder": true
				},
				{
					"name": "Get Scan Ruleset",
					"protocolProfileBehavior": {
						"disableBodyPruning": true
					},
					"request": {
						"method": "GET",
						"header": [
							{
								"key": "Content-Type",
								"name": "Content-Type",
								"type": "text",
								"value": "application/json"
							},
							{
								"key": "x-ms-account-id",
								"value": "{{accountId}}",
								"type": "text"
							}
						],
						"body": {
							"mode": "raw",
							"raw": "",
							"options": {
								"raw": {
									"language": "json"
								}
							}
						},
						"url": {
							"raw": "https://{{host}}/scanrulesets/{{scanRulesetName}}",
							"protocol": "https",
							"host": [
								"{{host}}"
							],
							"path": [
								"scanrulesets",
								"{{scanRulesetName}}"
							]
						}
					},
					"response": []
				},
				{
					"name": "Delete Scan Ruleset",
					"request": {
						"method": "DELETE",
						"header": [
							{
								"key": "Content-Type",
								"name": "Content-Type",
								"type": "text",
								"value": "application/json"
							},
							{
								"key": "x-ms-account-id",
								"value": "{{accountId}}",
								"type": "text"
							}
						],
						"body": {
							"mode": "raw",
							"raw": "",
							"options": {
								"raw": {
									"language": "json"
								}
							}
						},
						"url": {
							"raw": "https://{{host}}/scanrulesets/{{scanRulesetName}}",
							"protocol": "https",
							"host": [
								"{{host}}"
							],
							"path": [
								"scanrulesets",
								"{{scanRulesetName}}"
							]
						}
					},
					"response": []
				}
			],
			"protocolProfileBehavior": {}
		},
		{
			"name": "Filter",
			"item": [
				{
					"name": "Get",
					"request": {
						"method": "GET",
						"header": [
							{
								"key": "x-ms-account-id",
								"value": "{{accountId}}",
								"type": "text"
							}
						],
						"url": {
							"raw": "https://{{host}}/datasources/{{dataSourceName}}/scans/{{scanName}}/filters/custom",
							"protocol": "https",
							"host": [
								"{{host}}"
							],
							"path": [
								"datasources",
								"{{dataSourceName}}",
								"scans",
								"{{scanName}}",
								"filters",
								"custom"
							]
						}
					},
					"response": []
				},
				{
					"name": "Put",
					"request": {
						"method": "PUT",
						"header": [
							{
								"key": "Content-Type",
								"name": "Content-Type",
								"value": "application/json",
								"type": "text"
							},
							{
								"key": "x-ms-account-id",
								"value": "{{accountId}}",
								"type": "text"
							}
						],
						"body": {
							"mode": "raw",
							"raw": "{\n\t\"properties\": {\n\t\t\"includeUriPrefixes\": [\"https://foo.com/a\",\"https://foo.com/b\"],\n\t\t\"excludeUriPrefixes\": []\n\t}\n}",
							"options": {
								"raw": {
									"language": "json"
								}
							}
						},
						"url": {
							"raw": "https://{{host}}/datasources/{{datasourceName}}/scans/{{scanName}}/filters/custom",
							"protocol": "https",
							"host": [
								"{{host}}"
							],
							"path": [
								"datasources",
								"{{datasourceName}}",
								"scans",
								"{{scanName}}",
								"filters",
								"custom"
							]
						}
					},
					"response": []
				},
				{
					"name": "Delete",
					"request": {
						"method": "GET",
						"header": [
							{
								"key": "x-ms-account-id",
								"value": "{{accountId}}",
								"type": "text"
							}
						],
						"url": {
							"raw": ""
						}
					},
					"response": []
				}
			],
			"protocolProfileBehavior": {}
		},
		{
			"name": "Triggers",
			"item": [
				{
					"name": "Create Trigger",
					"request": {
						"method": "PUT",
						"header": [
							{
								"key": "Content-Type",
								"name": "Content-Type",
								"value": "application/json",
								"type": "text"
							},
							{
								"key": "x-ms-account-id",
								"value": "{{accountId}}",
								"type": "text"
							}
						],
						"body": {
							"mode": "raw",
							"raw": "{\n\t\"properties\": {\n\t\t\"recurrenceInterval\": \"1.00:00:00\",\n\t\t\"timeoutInterval\": \"1.00:00:00\"\n\t}\n}\n",
							"options": {
								"raw": {
									"language": "json"
								}
							}
						},
						"url": {
							"raw": "https://{{host}}/datasources/{{dataSourceName}}/scans/{{scanName}}/triggers/{{triggerName}}",
							"protocol": "https",
							"host": [
								"{{host}}"
							],
							"path": [
								"datasources",
								"{{dataSourceName}}",
								"scans",
								"{{scanName}}",
								"triggers",
								"{{triggerName}}"
							]
						}
					},
					"response": []
				},
				{
					"name": "Delete Trigger",
					"request": {
						"method": "DELETE",
						"header": [
							{
								"key": "Content-Type",
								"name": "Content-Type",
								"type": "text",
								"value": "application/json"
							},
							{
								"key": "x-ms-account-id",
								"value": "{{accountId}}",
								"type": "text"
							}
						],
						"url": {
							"raw": "https://{{host}}/datasources/{{dataSourceName}}/scans/{{scanName}}/triggers/{{triggerName}}",
							"protocol": "https",
							"host": [
								"{{host}}"
							],
							"path": [
								"datasources",
								"{{dataSourceName}}",
								"scans",
								"{{scanName}}",
								"triggers",
								"{{triggerName}}"
							]
						}
					},
					"response": []
				},
				{
					"name": "Get Trigger",
					"request": {
						"method": "GET",
						"header": [
							{
								"key": "Content-Type",
								"name": "Content-Type",
								"type": "text",
								"value": "application/json"
							},
							{
								"key": "x-ms-account-id",
								"value": "{{accountId}}",
								"type": "text"
							}
						],
						"url": {
							"raw": "https://{{host}}/datasources/{{dataSourceName}}/scans/{{scanName}}/triggers/{{triggerName}}",
							"protocol": "https",
							"host": [
								"{{host}}"
							],
							"path": [
								"datasources",
								"{{dataSourceName}}",
								"scans",
								"{{scanName}}",
								"triggers",
								"{{triggerName}}"
							]
						}
					},
					"response": []
				}
			],
			"protocolProfileBehavior": {}
		},
		{
			"name": "Config",
			"item": [
				{
					"name": "updateProgressStatus",
					"request": {
						"method": "POST",
						"header": [
							{
								"key": "x-ms-account-id",
								"value": "{{accountId}}",
								"type": "text"
							},
							{
								"key": "Content-Type",
								"name": "Content-Type",
								"type": "text",
								"value": "application/json"
							}
						],
						"body": {
							"mode": "raw",
							"raw": "{\n\t\"numResourcesDiscovered\":1,\n\t\"numResourcesClassified\":1,\n\t\"runId\": \"{{accountId}}\",\n\t\"status\": \"Succeeded\"\n}",
							"options": {
								"raw": {
									"language": "json"
								}
							}
						},
						"url": {
							"raw": "https://{{host}}/config/updateProgressStatus/datasources/{{dataSourceName}}/scans/{{scanName}}",
							"protocol": "https",
							"host": [
								"{{host}}"
							],
							"path": [
								"config",
								"updateProgressStatus",
								"datasources",
								"{{dataSourceName}}",
								"scans",
								"{{scanName}}"
							]
						}
					},
					"response": []
				}
			],
			"protocolProfileBehavior": {}
		},
		{
			"name": "Classification",
			"item": [
				{
					"name": "PUT",
					"request": {
						"method": "PUT",
						"header": [
							{
								"key": "x-ms-account-id",
								"value": "{{accountId}}",
								"type": "text"
							},
							{
								"key": "Content-Type",
								"value": "application/json",
								"type": "text"
							}
						],
						"body": {
							"mode": "raw",
							"raw": "{\r\n\t\"name\": \"classificationRuleName\",\r\n\t\"kind\": \"Custom\",\r\n\t\"properties\": {\r\n\t\t\"description\": \"classificationDescription\",\r\n\t\t\"classificationName\": \"MICROSOFT.GOVERNMENT.CANADA.SOCIAL_INSURANCE_NUMBER\",\r\n\t\t\"minimumDistinctMatchCount\": 8,\r\n\t\t\"minimumPercentageMatch\": 60,\r\n\t\t\"owner\": \"judellam@microsoft.com\",\r\n\t\t\"ruleStatus\": \"Enabled\",\r\n\t\t\"columnPatterns\": [\r\n\t\t\t{\r\n\t\t\t\t\"pattern\": \"\\\\w*+\",\r\n\t\t\t\t\"kind\": \"Regex\"\r\n\t\t\t}\r\n\t\t],\r\n\t\t\"dataPatterns\": [\r\n\t\t\t{\r\n\t\t\t\t\"pattern\": \"test\",\r\n\t\t\t\t\"kind\": \"Regex\"\r\n\t\t\t}\r\n\t\t]\r\n\t}\r\n}"
						},
						"url": {
							"raw": "https://{{host}}/classificationrules/{{classificationRuleName}}",
							"protocol": "https",
							"host": [
								"{{host}}"
							],
							"path": [
								"classificationrules",
								"{{classificationRuleName}}"
							]
						}
					},
					"response": []
				}
			],
			"protocolProfileBehavior": {}
		},
		{
			"name": "ADF Debug Queries",
			"item": [
				{
					"name": "Get Pipelines",
					"request": {
						"auth": {
							"type": "bearer",
							"bearer": [
								{
									"key": "token",
									"value": "{{authToken}}",
									"type": "string"
								}
							]
						},
						"method": "GET",
						"header": [],
						"url": {
							"raw": "{{privateAdfEndpoint}}/subscriptions/{{subscriptionId}}/resourceGroups/{{resourceGroup}}/providers/Microsoft.ProjectBabylon/accounts/{{accountName}}/pipelines/?api-version=2020-05-01-preview",
							"host": [
								"{{privateAdfEndpoint}}"
							],
							"path": [
								"subscriptions",
								"{{subscriptionId}}",
								"resourceGroups",
								"{{resourceGroup}}",
								"providers",
								"Microsoft.ProjectBabylon",
								"accounts",
								"{{accountName}}",
								"pipelines",
								""
							],
							"query": [
								{
									"key": "api-version",
									"value": "2020-05-01-preview"
								}
							]
						}
					},
					"response": []
				},
				{
					"name": "Get Linked Services",
					"request": {
						"auth": {
							"type": "bearer",
							"bearer": [
								{
									"key": "token",
									"value": "{{authToken}}",
									"type": "string"
								}
							]
						},
						"method": "GET",
						"header": [],
						"url": {
							"raw": "{{privateAdfEndpoint}}/subscriptions/{{subscriptionId}}/resourceGroups/{{resourceGroup}}/providers/Microsoft.ProjectBabylon/accounts/{{accountName}}/linkedServices/?api-version=2020-05-01-preview",
							"host": [
								"{{privateAdfEndpoint}}"
							],
							"path": [
								"subscriptions",
								"{{subscriptionId}}",
								"resourceGroups",
								"{{resourceGroup}}",
								"providers",
								"Microsoft.ProjectBabylon",
								"accounts",
								"{{accountName}}",
								"linkedServices",
								""
							],
							"query": [
								{
									"key": "api-version",
									"value": "2020-05-01-preview"
								}
							]
						}
					},
					"response": []
				},
				{
					"name": "PUT/Create Integration Runtime",
					"request": {
						"auth": {
							"type": "bearer",
							"bearer": [
								{
									"key": "token",
									"value": "{{authToken}}",
									"type": "string"
								}
							]
						},
						"method": "PUT",
						"header": [],
						"body": {
							"mode": "raw",
							"raw": "{\r\n    \"name\": \"{{irName}}\",\r\n    \"properties\": {\r\n        \"type\": \"SelfHosted\",\r\n        \"typeProperties\": {}\r\n    }\r\n}",
							"options": {
								"raw": {
									"language": "json"
								}
							}
						},
						"url": {
							"raw": "{{privateAdfEndpoint}}/subscriptions/{{subscriptionId}}/resourceGroups/{{resourceGroup}}/providers/Microsoft.ProjectBabylon/accounts/{{accountName}}/integrationruntimes/{{irName}}?api-version=2020-05-01-preview",
							"host": [
								"{{privateAdfEndpoint}}"
							],
							"path": [
								"subscriptions",
								"{{subscriptionId}}",
								"resourceGroups",
								"{{resourceGroup}}",
								"providers",
								"Microsoft.ProjectBabylon",
								"accounts",
								"{{accountName}}",
								"integrationruntimes",
								"{{irName}}"
							],
							"query": [
								{
									"key": "api-version",
									"value": "2020-05-01-preview"
								}
							]
						}
					},
					"response": []
				},
				{
					"name": "GET All Integration Runtimes",
					"request": {
						"auth": {
							"type": "bearer",
							"bearer": [
								{
									"key": "token",
									"value": "{{authToken}}",
									"type": "string"
								}
							]
						},
						"method": "GET",
						"header": [],
						"url": {
							"raw": "{{privateAdfEndpoint}}/subscriptions/{{subscriptionId}}/resourceGroups/{{resourceGroup}}/providers/Microsoft.ProjectBabylon/accounts/{{accountName}}/integrationruntimes/?api-version=2020-05-01-preview",
							"host": [
								"{{privateAdfEndpoint}}"
							],
							"path": [
								"subscriptions",
								"{{subscriptionId}}",
								"resourceGroups",
								"{{resourceGroup}}",
								"providers",
								"Microsoft.ProjectBabylon",
								"accounts",
								"{{accountName}}",
								"integrationruntimes",
								""
							],
							"query": [
								{
									"key": "api-version",
									"value": "2020-05-01-preview"
								}
							]
						}
					},
					"response": []
				},
				{
					"name": "POST/Get Integration Runtime Keys",
					"request": {
						"auth": {
							"type": "bearer",
							"bearer": [
								{
									"key": "token",
									"value": "{{authToken}}",
									"type": "string"
								}
							]
						},
						"method": "POST",
						"header": [],
						"url": {
							"raw": "{{privateAdfEndpoint}}/subscriptions/{{subscriptionId}}/resourceGroups/{{resourceGroup}}/providers/Microsoft.ProjectBabylon/accounts/{{accountName}}/integrationruntimes/{{irName}}/listAuthKeys?api-version=2020-05-01-preview",
							"host": [
								"{{privateAdfEndpoint}}"
							],
							"path": [
								"subscriptions",
								"{{subscriptionId}}",
								"resourceGroups",
								"{{resourceGroup}}",
								"providers",
								"Microsoft.ProjectBabylon",
								"accounts",
								"{{accountName}}",
								"integrationruntimes",
								"{{irName}}",
								"listAuthKeys"
							],
							"query": [
								{
									"key": "api-version",
									"value": "2020-05-01-preview"
								}
							]
						}
					},
					"response": []
				},
				{
					"name": "Get Pipeline Run",
					"request": {
						"auth": {
							"type": "bearer",
							"bearer": [
								{
									"key": "token",
									"value": "{{authToken}}",
									"type": "string"
								}
							]
						},
						"method": "GET",
						"header": [],
						"url": {
							"raw": "{{privateAdfEndpoint}}/subscriptions/{{subscriptionId}}/resourceGroups/{{resourceGroup}}/providers/Microsoft.ProjectBabylon/accounts/{{accountName}}/pipelineruns/4dea6f54-ce26-440d-b4ae-a7cb11a8403e?api-version=2020-05-01-preview",
							"host": [
								"{{privateAdfEndpoint}}"
							],
							"path": [
								"subscriptions",
								"{{subscriptionId}}",
								"resourceGroups",
								"{{resourceGroup}}",
								"providers",
								"Microsoft.ProjectBabylon",
								"accounts",
								"{{accountName}}",
								"pipelineruns",
								"4dea6f54-ce26-440d-b4ae-a7cb11a8403e"
							],
							"query": [
								{
									"key": "api-version",
									"value": "2020-05-01-preview"
								}
							]
						}
					},
					"response": []
				}
			],
			"protocolProfileBehavior": {}
		},
		{
			"name": "Proxy Babylon Calls (ADF)",
			"item": [
				{
					"name": "PUT/Create Integration Runtime",
					"request": {
						"auth": {
							"type": "bearer",
							"bearer": [
								{
									"key": "token",
									"value": "{{authToken}}",
									"type": "string"
								}
							]
						},
						"method": "PUT",
						"header": [],
						"body": {
							"mode": "raw",
							"raw": "{\r\n    \"name\": \"{{irName}}\",\r\n    \"properties\": {\r\n        \"type\": \"SelfHosted\",\r\n        \"typeProperties\": {}\r\n    }\r\n}",
							"options": {
								"raw": {
									"language": "json"
								}
							}
						},
						"url": {
							"raw": "https://{{accountName}}.proxy.babylon.azure-test.com/integrationruntimes/{{irName}}?api-version=2020-05-01-preview",
							"protocol": "https",
							"host": [
								"{{accountName}}",
								"proxy",
								"babylon",
								"azure-test",
								"com"
							],
							"path": [
								"integrationruntimes",
								"{{irName}}"
							],
							"query": [
								{
									"key": "api-version",
									"value": "2020-05-01-preview"
								}
							]
						}
					},
					"response": []
				},
				{
					"name": "GET All Integration Runtimes",
					"request": {
						"auth": {
							"type": "bearer",
							"bearer": [
								{
									"key": "token",
									"value": "{{authToken}}",
									"type": "string"
								}
							]
						},
						"method": "GET",
						"header": [],
						"url": {
							"raw": "https://{{accountName}}.proxy.babylon.azure-test.com/integrationruntimes/?api-version=2020-05-01-preview",
							"protocol": "https",
							"host": [
								"{{accountName}}",
								"proxy",
								"babylon",
								"azure-test",
								"com"
							],
							"path": [
								"integrationruntimes",
								""
							],
							"query": [
								{
									"key": "api-version",
									"value": "2020-05-01-preview"
								}
							]
						}
					},
					"response": []
				},
				{
					"name": "POST/Get Integration Runtime Keys",
					"request": {
						"auth": {
							"type": "bearer",
							"bearer": [
								{
									"key": "token",
									"value": "{{authToken}}",
									"type": "string"
								}
							]
						},
						"method": "POST",
						"header": [],
						"url": {
							"raw": "https://{{accountName}}.proxy.babylon.azure-test.com/integrationruntimes/{{irName}}/listAuthKeys?api-version=2020-05-01-preview",
							"protocol": "https",
							"host": [
								"{{accountName}}",
								"proxy",
								"babylon",
								"azure-test",
								"com"
							],
							"path": [
								"integrationruntimes",
								"{{irName}}",
								"listAuthKeys"
							],
							"query": [
								{
									"key": "api-version",
									"value": "2020-05-01-preview"
								}
							]
						}
					},
					"response": []
				}
			],
			"protocolProfileBehavior": {}
		},
		{
			"name": "Babylon DogFood",
			"item": [
				{
					"name": "PUT Scan with IR",
					"request": {
						"auth": {
							"type": "bearer",
							"bearer": [
								{
									"key": "token",
									"value": "{{authToken}}",
									"type": "string"
								}
							]
						},
						"method": "PUT",
						"header": [],
						"body": {
							"mode": "raw",
							"raw": "{\r\n    \"kind\": \"AzureStorageAccessKey\",\r\n    \"properties\": {\r\n        \"accessKey\": \"\",\r\n        \"connectedVia\": {\r\n            \"referenceName\": \"{{irName}}\"\r\n        }\r\n    }\r\n}",
							"options": {
								"raw": {
									"language": "json"
								}
							}
						},
						"url": {
							"raw": "https://{{accountName}}.scan.babylon.azure-test.com/datasources/{{dataSourceName}}/scans/{{scanName}}",
							"protocol": "https",
							"host": [
								"{{accountName}}",
								"scan",
								"babylon",
								"azure-test",
								"com"
							],
							"path": [
								"datasources",
								"{{dataSourceName}}",
								"scans",
								"{{scanName}}"
							]
						}
					},
					"response": []
				},
				{
					"name": "GET DataSources For Account",
					"request": {
						"auth": {
							"type": "bearer",
							"bearer": [
								{
									"key": "token",
									"value": "{{authToken}}",
									"type": "string"
								}
							]
						},
						"method": "GET",
						"header": [],
						"url": {
							"raw": "https://{{accountName}}.scan.babylon.azure-test.com/datasources/",
							"protocol": "https",
							"host": [
								"{{accountName}}",
								"scan",
								"babylon",
								"azure-test",
								"com"
							],
							"path": [
								"datasources",
								""
							]
						}
					},
					"response": []
				}
			],
			"protocolProfileBehavior": {}
		},
		{
			"name": "Scanning Account Settings",
			"item": [
				{
					"name": "PUT ScanSettings",
					"request": {
						"method": "POST",
						"header": [],
						"body": {
							"mode": "raw",
							"raw": "{\r\n    \"accountId\": \"684c1a76-d03c-4524-939b-1b891a34c7f1\",\r\n    \"featureFlags\": [\"allowList.PrivateSDK\"],\r\n    \"default\": {\r\n        \"workers\": 2,\r\n        \"processCountPerVM\": 1\r\n    },\r\n    \"dataSourceTypes\": {\r\n        \"azurestorage\": {\r\n            \"workers\": 8,\r\n            \"processCountPerVM\": 4\r\n        },\r\n        \"azuresqldatabase\": {\r\n            \"workers\": 1,\r\n            \"processCountPerVM\": 4\r\n        }\r\n    }\r\n}",
							"options": {
								"raw": {
									"language": "json"
								}
							}
						},
						"url": {
							"raw": "https://{{host}}/accountConfig/scanRunSettings",
							"protocol": "https",
							"host": [
								"{{host}}"
							],
							"path": [
								"accountConfig",
								"scanRunSettings"
							]
						}
					},
					"response": []
				},
				{
					"name": "GET Scan Settings",
					"request": {
						"method": "GET",
						"header": [],
						"url": {
							"raw": "https://{{host}}/accountConfig/scanRunSettings/{{accountId}}",
							"protocol": "https",
							"host": [
								"{{host}}"
							],
							"path": [
								"accountConfig",
								"scanRunSettings",
								"{{accountId}}"
							]
						}
					},
					"response": []
				}
			],
			"protocolProfileBehavior": {}
		}
	],
	"protocolProfileBehavior": {}
}